"Hash","Path"
"c6ff325c1f121fca193dfb5d77c0936942359453",
"954cb83d4656d3af3604fef4f538c84007552960",
"ba19cf767a89a6370092c7e904b208ccbadef0fb",
"a0d52965327bf3c1b6cd9447e10fd406e0c50de3",
"3d78a80c51f0d99a87ffd680ceaa00257890dfc9",
"1a96ac1dcd37bc68996ca5e2299f2ab79a2e2618",
"936546b79e9d1471a06c5f1bd9dafc578549890a",
"ead96ecd8cdfcf7d7689b8f39c0f562d820e034d",
"5e0b8e5d29fdefff992007fe8831e836e8fd94c8",
"b4c9ec68013b821e84fd83821d1b6f5315310dea",
"a63e72fc79d769ae5451cbda468b148e3eeb6a36",
"dd07bfc33ddb378dd923ead7291ded966f6bc0e8",
"9299a950d50d46c236d20382983954eefb06dff7",
"84c5984a582810b9e331c2ecc8d2c51fd3c5b7f6",
"af87f4cc7ccc8d14eb418d46df0f62e6c8d7bf96",
"e261652924f04a2e93db8046174e8cfac78c828a",
"93c46ca6478ae756650fb6614a1fe88f9d542d2c",
"9fa8787c2580586d3f80d2215b463536f88f7875",
"d3a966b642a04b72ff1ffd556e915b6ded10c532",
"1cb9eed5e159c93476b27d3534b3fa850e70abb5",
"a5f9f9c63092dbb7a4b014c279ee2cfc25123fc8",
"6b4a9aa08519e8a697f48c06d11951a0c46a5720",
"85ecc896a6ebd4a7bc28d419e4cba5026ba25633",
"a2e18773ed307b1f3949b80b8d72acc6f391f39d",
"e90009ee4a380f490f258b829be88ffa09f7eb83",
"51cbd93f1ff9d9cf7d03cee060ead30af7211f18",
"07aa402d50a2bc8e0d4724e0b18e5c5f9cb9fe32",
"cd64aefc97aa3cedc9192d8e88fd270780202b7f",
"80064a9a0cfcd2b11c700f098237552975378122",
"2542acb42f8797281594c4051a2c7f08aad5e269",
"572ea35a04fe9084bc4d09d987d7d47d69ce0737",
"4e677b632c832b42b172afec65c5aefe3dc8b165",
"cb9f871e7747f3422d7bc5de500e48623658ed8d",
"f379cb455a0c510780bebc9f0e8489fca6dcfc62",
"67f7b0ccdc93029a9541fd9b8382549c0ba5147c",
"f8bd6a7d4e18a1435742a79785461b342bf7c014",
"244ee8ae1c19ba61324fec5a39c19e4ee0dc5e88",
"e034854f933732555815a45bfae672ecf3a51e30",
"4dfd7720d0cfb64a82af860bdcf351043ee51758",
"fde89403e30149f164aa61303dd51ad62246b220",
"82bd51c9848eaef2a7fbb8ae7c836e363bb1011a",
"e64922581a52281e3f664570c0d828f2e15664cd",
"f83cc6a37252d55855aa6d4b5d87e328dc42ba9a",
"9fc2aeb41442470f029d2df02e05e39c6728ef9d",
"fdb7bc35b288008b57e34a7f232f45f039e89c80",
"efdbef1637e073ffccda9130190289a28d364725",
"5846db70d5b71b2023ea4c19102fc3aac7a1fec5",
"82e537bc086ce7b4235d9faf3d22e58085d6512b",
"9772503e352bb579b3933f6f226cff7589544e23",
"fa99f0678bd80d992b2b787a8a4ed0c02a26ff92",
"85cf22d70220b626ba82d0775f966b6f0a0a695c",
"090fd93c29c8913b7ae658549f4b685a0cfdf391",
"fbe04425ec90b567a9e79a6cc2679b30cbfc14ce",
"6ecf67f5382ae8280555decd9cfb68b3ed1974af",
"ad447debcbc2d8680b385dd5d66e4d89fbcac7cc",
"281d930523d592d137fcf592b458b1ca23d3e197",
"1ea57bf0cd9fdd57facf5b2178845d75a3d1279f",
"bf5adf2162ebdee007d21b5184fe550f4e215ea4",
"e2f969245cefd6a7f3285c5f961c7f331b5bd477",
"3c2a5e0db936c8988dadbac0e57070636f325383",
"f77e544393b0159c28dd3e507d5825b7853d7d4b",
"4e37baa379851c6a094cdccbfd1e5028c4d353fd",
"ac117c72e5b86e00e61485d94257ca1b3a803ac0",
"0b1ed0a8aecd1106f4eba6254299b1c8091afa4d",
"7df502f2fb5ec8becd2cb619490888d9423c62ae",
"f39cbfa7ec02949a25487fbef6cc4dc1e1158d4b",
"2a04f087bae1638f4087d4d29ecd126c4e6e8948",
"aa27a9c76fdd625cd2d794cf979c1a855522807f",
"0aef1c6a5478483aa40e7e9bbe829ec093a72f01",
"8f6a153973e1c9a8c15d506629bca7502f649065",
"1ded06913d61d4dbe065667cf47732697b6f5abb",
"8cc1990b98dc8ffcb71874d75b7c1ca61bf17925",
"884709ac7ff396c28a8da58123a47c40704ddfd2",
"fb7aaa28250425f7c6aab340c33e1f88e34eccb4",
"e5b82eab1cad12cc2cff268f8f2fa01d7151b601",
"eb13a06c3d7ec1000397667ca9d085b8b4c0a7ad",
"34a6aa2c20663174f3738fe21892f9df967bcf7a",
"ff3d8170ed886e5d8ee0c09e02cbdf854455f56b",
"918b4aeeed12993c7d607d80ed8a3f0a9d84cc0b",
"c61da8039d25f0ba21a4e831b2a2d5a41ae6c540",
"cff35d28fb9f7d416d9a349d684d17fe62d7dec7",
"4c329b1c0071487383440f01dd726fc2edb64785",
"4a43de4ee3ff6bfd6f5c20f6c7b83bf65d246731",
"b368f8609a0ed01699fe5139bad8130be73da16a",
"c841928dcf08c3282dc5c466d26e7e26192b353a",
"c28d787c3eba9a207992ce7f53a9e52b0b0af72f",
"cd143a26054e8dbae28b21c34107fe5c51664b0e",
"92d9d3785b75827484755a1ea3c22ec4304acb69",
"eb251796d853d1936f6dbe9faead334e9479f732",
"53e1d767a65b439f98d145be2315eb236f2bfa06",
"0a03f79446b55e842083b4c1059fe4759f688048",
"8b826f3232622ed7f4ea4070d6d6f8bc7f736b9a",
"554287c0689d2413bd4f765f379dc90a1ba80f59",
"17facdab92fd7569d863f73a420c741ad4f31e3f",
"f152c8a014eae2d4f567ffaa0ffe5a890714217f",
"bed49e59c06a23d79ede9fa3ca04bf0a4aa4bbb3",
"9a99cd346e472a5a0dfc147e301980a6cc818826",
"0e894b354493a485e68ffdb82348d545becb7c98",
"eea1f669f9e2deaa671f524c116adf54a67d3e5d",
"109ee3eaf32e0a273a55854c765516f86aebf12a",
"89bbcb4906e5b7870c2e5bedf2c2b9721a7cceaf",
"430477f50eff48719115267ce089058a02965f0d",
"839b7248a69685d3c4d458913a9f00cb53259acd",
"616021a327e09a5073a84e3bf9f266bd8d320030",
"caf9ef6170f491c01b1d180f563c669371872dc7",
"28418573b6f6ef8dd836d56ab13837bb707633de",
"f72b408b8c8630382d41202154d18a0a20ea0460",
"01a46863b0f121c9e2fadc0f8bb1c6ce4712fa9f",
"ddd828e0905df5f0e4c61cf562fa61e3d12df0e1",
"3f9a0747dd23d8261feec7119d088c5105163f97",
"ac863a276bcb243fde02be9faab25f51516b7fcf",
"a9d930016594a70ee2a83f76dcd851376684d223",
"0355e8be2f5d7eec6bc003c432ed5ba4ac2fdcca",
"f5b21b41c497934de190d57485364ad564afbeec",
"f0926a3a273b161c36fa1a22379c46b9a26a27cb",
"4f20ca15c163f19c7a5b152b0b4f23bf9cc5a9a9",
"a5c5c2a1e55188ad2640b1c9261b96c8b4eb74b7",
"ecae041a19cf3554d513d4e8eaffa53256742986",
"70823f120c66817f39fdefdc81d9915ca108875b",
"0f62860f24bcb914e216eadca3ae1e99ccb9638c",
"4997535fd33665222645dc5b14cc9849315804c0",
"ecdbcec9a4eeb1c9ef6510ff77934cf00b5a3e14",
"7cd83f67e6db684368f227af42b826b878bd37b6",
"3f91308443b7512f1e1dc8a1fc00945b6f9bdb38",
"7ae55dbb3872d07f59fc0c43ff0614c648ee809d",
"b7aa39f08eb37ea1aa1df089a9c41c23b2f5298f",
"a7972aa055d3f1d96206b045d435a3216b40f4c9",
"8cbd99df6e15fd6eebebf09b96fbdc7c9e87fa58",
"f2ce8d6e83656f462693fff5e5b214d63106e96d",
"ff83aa46cb6f75d04ba1bc90e90d2ff99549a6c1",
"4bf4652154be9f7a4a57bce1a4a146d56cab3a0e",
"bb5439332fad51b7a8dc5ebf3c2ab6e7f4d7793b",
"de33bedae5ca7dfb25edc65a209da8a6d21bea3c",
"00968795fdc341f008dd070418b45a11d6058b14",
"d4fea4aa9596eabe081ba909df7cd2100c2567f9",
"c70db4f635462049b4bb110fad01aa8852df3005",
"142bfe44ccd591122f6f5aabc6909a591852ec64",
"e693f23db4d3bd3f9c2a329e7573ea9d03c3ae44",
"c7c898c465e3554c42f9ec62491f2b9715716b28",
"1760420969a1e92893a78fcb73f03ca86a6487f2",
"c89278c3be39e3c45815a4cb5972a1daf4fdbbea",
"c7668bbef1040ce5496509267051d5334e784b50",
"15a22468cff4773d87f9092eed1c23a53b99b24f",
"983692cde071ba36e08ca96ba68289f2dc6a01da",
"c8bae28d8f0517b8188dea4e29900031c151e4e6",
"257da05de0592c87a07df6e3c99f559615e904f4",
"7fb98c84153ad3430b9ceeac66885154977b4f5b",
"25c21a779564aaae8bdbba5f74a365f2752df174",
"65a2319bdb51b646f2830c4187af91e36e4d442c",
"f683d51e4f2f3295ac836ac92b4615f1f32a0806",
"b08bd74cbb0e1009a5db1d153de666d6c1d66a17",
"cadcadf0983bee93f0695c3a31a58b95dd3aa1fa",""
"1ec7e43862a654be1015753f9e4df90513e067e6",""
"39b0e1adddd5dd86fd4946008082dbf6dca39346",""
"4cedfd64eb0d1d02e4c038b298bfbe3d870b203c",""
"0e1b112f7e1bc589d5e3fbcd75d69f61270f0d86",""
"411dae7aa54e83cab65ded509b425867cea357fa",""
"c64488c4ed7fea8620f4262cc9795f3f7d842971",""
"9e16e55cb171d395697f1ad97888ff160cc4256c",""
"061999223fbc2f5603ad591914a768b01ff412e0",""
"d848799d4322b9c73970be379f257a676f9d9132",""
"2947679de2111e03189a95e8aa5309bdace7d4fa",""
"3c38a5bf47582d29b1d1b616ce61e510c92fe149",""
"5ecdb1f58945297f1a20d3fc7709aecf471b4ae7",""
"b22baf44d9a18372e1786b360254948420da87e7",""
"3c0cb5010ab0b8e4c34c5e704d188e3c8ee26b10",""
"98501dc09f3a0a870c5866022bfbe6e26cc1e483",""
"9f7933e1708b827d60266a39c2e1adc6e6aadc96",""
"de96027b936f355d8c1625cca28b4d6ef9624143",""
"b72f57ce2b8e48366773eed8e046d9e351efea37",""
"40ae439cd7805c40bb2631a32c6c7654ee8b0f31",""
"8758ff54338dc0215e73d074757a016e0a26dc02",""
"033859cc7771dadbc8099147d2a3b7554acebb6e",""
"af4cf169db80aba27a96c6e49fce33a5c2f8f2cc",""
"4b825dc642cb6eb9a060e54bf8d69288fbee4904",""
"8ee1779ac324dc721d84b11417c97f91ce3dbbff",""
"f920e80923063d1e7bb7c3767ea3e3141ca48410",""
"51791c30a690da8e19eb9b4a8ab8e2dda6cee626",""
"09d71c57ab4c734675dfcb1631bcfe7a297b9db3",""
"9b8b25c41aa877b0dfd1b353543c554c5a4b036a",""
"6237c692f27512bdb5ce6db61942b0d53b3f44ae",""
"2dd5d335f46a6822655f840f1aa62f54e0e22867",""
"ec2d4e26445f8cb0d709db863cdfcf61c47a0e31",""
"e50a5cbdb6a3037270291f402ccebc633506ebe2",""
"4dfa651202f96056b15c3520b1c55ffbb2d206e8",""
"443af79cb9a83d2e3720b07e743c1d33ae8f9d08",""
"ae472c1f433231f82f6b2dc6fd730b4ff8d758a3",""
"83f2faeb674f98f449f1871bea6723aa7584aa36",""
"ed2081f5a13062b660e414820e86f0e3cf4c5fb3",""
"1560db441e4ad136a5e281d47a176b6a720447ec",""
"f05d28545cdf41808d3ce15005b049f452916e99",""
"7d37a2f795151c375b7a1a8412b175aede6c1ad0",""
"3896f73c81780ba0f361b352756fc202e4a6a764",""
"316ec5ff66865fcd1d448d8c84a4544480e21fc0",""
"1355f4443e14fb217e24e255da6acfd6caf3cf03",""
"9661d131690ea548c558ff1ec8783e2b2a1e8dde",""
"8f36a3c3f3aa9a5e7fe5947159eac3db07548314",""
"845943eafb39e868f6bf6a599f5241344f087d5c",""
"1bcfc51b9ccddc926e7b4d0dbdc6bde0ae8bbb66",""
"99f2e4fa124e04568aa948a4b63a2187c9d20581",""
"7831aa84c22c88fd197175d636b65d063be0cae7",""
"ab97d46a0a9c66480b81cfaa232b02adc2a712ef",""
"096ac97441ca5f33612a0592c0704ad48d64863d",""
"cb5b14e6bb01cb10fa167a673a90b10502c71af7",""
"1a4ad55e6d2b16fb532b7e3dfa0170c39c5641d0",""
"38f02bdbe4d30757278506c7b9d347a6fa07e65b",""
"6af346526d818689ba4302d68fee4d2fe66f0236",""
"e9f72be50ec4a1c22c7c188974ff0787845ce3b9",""
"1cc1b5cf778d6ca26bfc7f56a3919d3a6402542d",""
"8ed1c51c09ea41ea035e5c3c38e29c8a1ba222b0",""
"42cf8932723ad39665b19701815ac87aa2f2b68f",""
"a8f562a624a69677ec2f0cdfa63b47d7c1ad9b50",""
"c802e05737509f39efc9852cb4f628cf2bf2c1a8",""
"f632544aefe66bc8ae7b90c5738182897babbc10",""
"d22a2fbcc025049f2dc5df51dd1673049050f9a1",""
"d081d5b7676b1602eb7e68e78ad0a916ca5135ba",""
"434ec79543240e5671dc722ee5cdae7fbb9a3ebd",""
"89959643a5dccac96d7213e5780e16310745418e",".env.example"
"f9ba7f8b4901d059a522d76272612aa2a8321bc3",".gitignore"
"712088197d0e0b235c8e6d722c241d675bd882e2",".gitignore"
"4a19a3d0754ffb980a2605e443b825ca0e36b388",".local"
"6437e18d9f6869a2d65add1d2575e446cee0e5dd",".local/state"
"457da2ff5a77bd6fb29b3913d98a7b0fc98dd9a3",".local/state/replit"
"ef88772c6f1bd63abdb6c6e6f7c1686a0974598d",".local/state/replit/agent"
"6402368ba4d499b81ea4aa54e7458ce37b810112",".local/state/replit/agent/.agent_state_00968795fdc341f008dd070418b45a11d6058b14.bin"
"87a05387c8ded1dd262139fd72b2324878d69806",".local/state/replit/agent/.agent_state_01a46863b0f121c9e2fadc0f8bb1c6ce4712fa9f.bin"
"e190967728c34d8bb6868f8f9e5deef01883da42",".local/state/replit/agent/.agent_state_090fd93c29c8913b7ae658549f4b685a0cfdf391.bin"
"1276e1c15e7aff652103f3884d022047ce6b603e",".local/state/replit/agent/.agent_state_0b1ed0a8aecd1106f4eba6254299b1c8091afa4d.bin"
"b29a8eca6a93184a38ffc18f68d3b5e82b3d6fba",".local/state/replit/agent/.agent_state_0e894b354493a485e68ffdb82348d545becb7c98.bin"
"7d6e3bccf5a01301fcb401c6f5b3846792132c4b",".local/state/replit/agent/.agent_state_0f62860f24bcb914e216eadca3ae1e99ccb9638c.bin"
"2d1008c66c3822b19a53e5e9ae93894ab09084c3",".local/state/replit/agent/.agent_state_109ee3eaf32e0a273a55854c765516f86aebf12a.bin"
"63cebfdff75e7e3af3fdcefea287d14dd98686ee",".local/state/replit/agent/.agent_state_1760420969a1e92893a78fcb73f03ca86a6487f2.bin"
"85b3cfdc4605c224cfffa91f5691a52e3ce88506",".local/state/replit/agent/.agent_state_17facdab92fd7569d863f73a420c741ad4f31e3f.bin"
"95e37179f151bda9a19080b987e2c7ed302bdf26",".local/state/replit/agent/.agent_state_1a96ac1dcd37bc68996ca5e2299f2ab79a2e2618.bin"
"b785dfa8f9a7c5b203b6f1841cd21637220b6722",".local/state/replit/agent/.agent_state_1cb9eed5e159c93476b27d3534b3fa850e70abb5.bin"
"6ae25e475ae9262ba31b66c285a792f02f1937d2",".local/state/replit/agent/.agent_state_1ea57bf0cd9fdd57facf5b2178845d75a3d1279f.bin"
"cf0122255c400921cc4aaa628927f0b14cd5383b",".local/state/replit/agent/.agent_state_2542acb42f8797281594c4051a2c7f08aad5e269.bin"
"7e0d14848ba15e6c3889b01750a8feee36802679",".local/state/replit/agent/.agent_state_257da05de0592c87a07df6e3c99f559615e904f4.bin"
"9bc7fc8dbf454d65ea096508c5a5f97c0b28b204",".local/state/replit/agent/.agent_state_25c21a779564aaae8bdbba5f74a365f2752df174.bin"
"feb51f719344ff8857a6a3a1c96f26a7281a735b",".local/state/replit/agent/.agent_state_281d930523d592d137fcf592b458b1ca23d3e197.bin"
"92f083119d5c082a24425d604cd51d15586bd44c",".local/state/replit/agent/.agent_state_28418573b6f6ef8dd836d56ab13837bb707633de.bin"
"d9afe77afdfbf184734d97bd498938dce7630756",".local/state/replit/agent/.agent_state_3c2a5e0db936c8988dadbac0e57070636f325383.bin"
"67b29b370796821faa9b4dc1c90b6dd565446bcb",".local/state/replit/agent/.agent_state_3f91308443b7512f1e1dc8a1fc00945b6f9bdb38.bin"
"282f6d0f9a311cd5a75b9caeba976bbbe5e22067",".local/state/replit/agent/.agent_state_3f9a0747dd23d8261feec7119d088c5105163f97.bin"
"33f3f7ea576a07ecd5c170ea3e83ceb861f11419",".local/state/replit/agent/.agent_state_4c329b1c0071487383440f01dd726fc2edb64785.bin"
"5d0134a2711f985010b38aaf8bd1f6a35154812e",".local/state/replit/agent/.agent_state_4e37baa379851c6a094cdccbfd1e5028c4d353fd.bin"
"599ca610e0fd4f1fb27fd0dc8c2d66604bf4aaba",".local/state/replit/agent/.agent_state_4e677b632c832b42b172afec65c5aefe3dc8b165.bin"
"0f76ef69102c4bf10c3503935b239fe035e96235",".local/state/replit/agent/.agent_state_4f20ca15c163f19c7a5b152b0b4f23bf9cc5a9a9.bin"
"54a8e4463e584f4d793a6126f0a0b9e7b5e88a3b",".local/state/replit/agent/.agent_state_51cbd93f1ff9d9cf7d03cee060ead30af7211f18.bin"
"00ee30b5af1907a8b81320a2f2a4c2be748d2b88",".local/state/replit/agent/.agent_state_53e1d767a65b439f98d145be2315eb236f2bfa06.bin"
"62ea3ddd7d3b6fa625df42785e382a37e484ea53",".local/state/replit/agent/.agent_state_6b4a9aa08519e8a697f48c06d11951a0c46a5720.bin"
"d290400ae32f67a30e0184cbeccccba4b3f96da9",".local/state/replit/agent/.agent_state_6ecf67f5382ae8280555decd9cfb68b3ed1974af.bin"
"053dc9e22505599f0c4f6269599bfa59f29f4d7a",".local/state/replit/agent/.agent_state_82e537bc086ce7b4235d9faf3d22e58085d6512b.bin"
"3ee74a01d758287aa5cdb7426253326ad8b1edc3",".local/state/replit/agent/.agent_state_84c5984a582810b9e331c2ecc8d2c51fd3c5b7f6.bin"
"b3138864477d7599107dd0181fdcddad347cbafc",".local/state/replit/agent/.agent_state_8b826f3232622ed7f4ea4070d6d6f8bc7f736b9a.bin"
"6ebb72d4b671f0d72cc6df3b615a4b22e24acedd",".local/state/replit/agent/.agent_state_8cbd99df6e15fd6eebebf09b96fbdc7c9e87fa58.bin"
"8ee7d29b08742fef5f2740cdaae2b234ec572b66",".local/state/replit/agent/.agent_state_8cc1990b98dc8ffcb71874d75b7c1ca61bf17925.bin"
"405fe26707e9e5280345d458770d4f8f60cf357a",".local/state/replit/agent/.agent_state_8f6a153973e1c9a8c15d506629bca7502f649065.bin"
"b49992f0c075214540c05ca0fbd417f7a352f130",".local/state/replit/agent/.agent_state_92d9d3785b75827484755a1ea3c22ec4304acb69.bin"
"b0bd399b8d808cb25bda8520a3627d9a0952c1a3",".local/state/replit/agent/.agent_state_954cb83d4656d3af3604fef4f538c84007552960.bin"
"f8cb7f5eb8ff24afad196990ec4ff51524c82014",".local/state/replit/agent/.agent_state_983692cde071ba36e08ca96ba68289f2dc6a01da.bin"
"dcb963853f2d634d0b3daaf34e8adc51c3dac5b2",".local/state/replit/agent/.agent_state_9fa8787c2580586d3f80d2215b463536f88f7875.bin"
"f9ccafff649b38c8a81610052b25d87f42131ecf",".local/state/replit/agent/.agent_state_9fc2aeb41442470f029d2df02e05e39c6728ef9d.bin"
"cd376feeae82a6fb6e3f3f7e2c7a98213b0cc749",".local/state/replit/agent/.agent_state_a0d52965327bf3c1b6cd9447e10fd406e0c50de3.bin"
"3ea6f71b38fab8fba23a3114a5fb7ab540796c0d",".local/state/replit/agent/.agent_state_a2e18773ed307b1f3949b80b8d72acc6f391f39d.bin"
"25384035d59dccf2555632189072d41e6ccb68bb",".local/state/replit/agent/.agent_state_a9d930016594a70ee2a83f76dcd851376684d223.bin"
"e340e3652af846559b2b493d3890b6c1b586aab4",".local/state/replit/agent/.agent_state_aa27a9c76fdd625cd2d794cf979c1a855522807f.bin"
"6e47f1472d9aa7c08e341e31c063a732169f7db5",".local/state/replit/agent/.agent_state_b368f8609a0ed01699fe5139bad8130be73da16a.bin"
"153147f75513f7bd29e3f666bb20d15ddf95510e",".local/state/replit/agent/.agent_state_b4c9ec68013b821e84fd83821d1b6f5315310dea.bin"
"ae5496de02e70e5f0a7e798531dde4fb4a3bb6cb",".local/state/replit/agent/.agent_state_b7aa39f08eb37ea1aa1df089a9c41c23b2f5298f.bin"
"fb1f4731a09cd387e8e167b91953f169b00ca82f",".local/state/replit/agent/.agent_state_bb5439332fad51b7a8dc5ebf3c2ab6e7f4d7793b.bin"
"1e07b535a32e722ba68b00aa7d6fda6d865f1eec",".local/state/replit/agent/.agent_state_bed49e59c06a23d79ede9fa3ca04bf0a4aa4bbb3.bin"
"c69ed0de94f041d17e0db79713aa6db598af8aad",".local/state/replit/agent/.agent_state_bf5adf2162ebdee007d21b5184fe550f4e215ea4.bin"
"3602412c202bd57b456c99570fea14ba520a888f",".local/state/replit/agent/.agent_state_c28d787c3eba9a207992ce7f53a9e52b0b0af72f.bin"
"137bb026663a27c42290c6d4f37831bbd351c784",".local/state/replit/agent/.agent_state_c61da8039d25f0ba21a4e831b2a2d5a41ae6c540.bin"
"04f7d229db475876536ac3f7964f96da2005c248",".local/state/replit/agent/.agent_state_c70db4f635462049b4bb110fad01aa8852df3005.bin"
"f7f2bfb283d9ad8cd0aaa7d25aa4e39c09180fa0",".local/state/replit/agent/.agent_state_c7668bbef1040ce5496509267051d5334e784b50.bin"
"249da0df1952826430781da271ad270db2f9c345",".local/state/replit/agent/.agent_state_cd64aefc97aa3cedc9192d8e88fd270780202b7f.bin"
"265ce3c3cb75b5d1ec5ecd5a190deddc13acabe2",".local/state/replit/agent/.agent_state_d3a966b642a04b72ff1ffd556e915b6ded10c532.bin"
"86666f90c45344e15389590677098da37be34fe9",".local/state/replit/agent/.agent_state_dd07bfc33ddb378dd923ead7291ded966f6bc0e8.bin"
"b6323165f53f20b7c5a2745e89c57806ac6a386d",".local/state/replit/agent/.agent_state_de33bedae5ca7dfb25edc65a209da8a6d21bea3c.bin"
"1d7ff01f5dc7f4b64d06f890a48c9ab3febff123",".local/state/replit/agent/.agent_state_e261652924f04a2e93db8046174e8cfac78c828a.bin"
"787dbd23652ba4894df670eeb0319c728d4f333d",".local/state/replit/agent/.agent_state_e64922581a52281e3f664570c0d828f2e15664cd.bin"
"8e139f04012afb5eff58b35651bd12ed3ac99884",".local/state/replit/agent/.agent_state_e693f23db4d3bd3f9c2a329e7573ea9d03c3ae44.bin"
"6f2ebad6c174365c41c908090b5a5f1d9aabddb7",".local/state/replit/agent/.agent_state_ead96ecd8cdfcf7d7689b8f39c0f562d820e034d.bin"
"76718284dde420ddea224523a562545e4b3ecbb2",".local/state/replit/agent/.agent_state_ecae041a19cf3554d513d4e8eaffa53256742986.bin"
"4b2d2baa72e9d375fc754450633411e89ff18c3b",".local/state/replit/agent/.agent_state_ecdbcec9a4eeb1c9ef6510ff77934cf00b5a3e14.bin"
"3c5ac8800e4119182a8efd8858eb7a8bceda8d11",".local/state/replit/agent/.agent_state_efdbef1637e073ffccda9130190289a28d364725.bin"
"369d22ae6061128d3e17471c204e6f40a94b37b7",".local/state/replit/agent/.agent_state_f152c8a014eae2d4f567ffaa0ffe5a890714217f.bin"
"820c8194b5e7765932fb9af117ade36f7b9d3de1",".local/state/replit/agent/.agent_state_f379cb455a0c510780bebc9f0e8489fca6dcfc62.bin"
"0f1047c785c3c3486d1e1b07c59c72eea6b16bab",".local/state/replit/agent/.agent_state_f39cbfa7ec02949a25487fbef6cc4dc1e1158d4b.bin"
"d9f55abafd9637d730a6635119a4f32de7073356",".local/state/replit/agent/.agent_state_f683d51e4f2f3295ac836ac92b4615f1f32a0806.bin"
"fa9e162942891e788404f7af42b9d4b5a97f14da",".local/state/replit/agent/.agent_state_f8bd6a7d4e18a1435742a79785461b342bf7c014.bin"
"547bd8c8c41929f8aec18a1b074db87148a6c0bf",".local/state/replit/agent/.agent_state_fb7aaa28250425f7c6aab340c33e1f88e34eccb4.bin"
"08ce00db5b8ccab958c6655229e599c097be0fa5",".local/state/replit/agent/.agent_state_fde89403e30149f164aa61303dd51ad62246b220.bin"
"6529ec53f48a4691e79afc49ae987f56317e66c2",".local/state/replit/agent/.agent_state_ff3d8170ed886e5d8ee0c09e02cbdf854455f56b.bin"
"e1be8b8f0ec68692e7fdcb7ee97e4453fadcb2c3",".local/state/replit/agent/.agent_state_ff83aa46cb6f75d04ba1bc90e90d2ff99549a6c1.bin"
"c91a76929c1a1229f55a2c18c5b9a6b65564e38a",".local/state/replit/agent/.agent_state_main.bin"
"6a46732ddef38810f2cfd2456d2ad610d3162883",".local/state/replit/agent/.latest.json"
"efdb915f30a3f3dc8f6c014765a9ebb4842a6c11",".local/state/replit/agent/filesystem"
"caa8e289752ce87953c495f6244bd6dcc9cf8313",".local/state/replit/agent/filesystem/filesystem_state.json"
"d975146850ea37ee2df5d82961976195943ada3c",".local/state/replit/agent/repl_state.bin"
"4981fa0da76dbc78070b0af0aaa1e54ab7713b5a",".replit"
"1ced68de8212c01560ebe35eb49822cdda764639",".replit"
"01fa7625dcb42f1c8d15d6c0294b113f29e993e7",".replit"
"ba239820b63f9be15c4fe2f5d994a138739661ec",".replit"
"9192b77dc21891986889067a2431f4e068bc78bb",".replit"
"26bfb049534fec467e803efdd472b7ce278db3b5",".replit"
"645439a018da25148147e4289fbcda82bb9694bb",".replit"
"c916b4ae54ce4949fa00e6fa1251d625fb8eb4ea",".replit"
"1bb64d13ac5b5ce6c6d907a01eaffc82f8f41e42",".replit"
"41b282d1ceae3bc3295cbf16780f7fedff5bfe4c",".replit"
"adcfadc85500604d8f275e7e2219e3fbe623e9cc",".replit"
"337d4d269e07f400b968ac9b8957e6f26e519c95",".replit"
"ee774410150f4016589b6baec255ba6ed5752929",".replit"
"b42cc0c9183881781f687cd378eac720e7a25c6d",".replit"
"0ace9de544fd0683e079980e63162a81caef52ad",".replit"
"cf47de074d8cd1abc53a3b35ba5f2e10fea1f84d",".replit"
"3cc5ce14f7b0fed56a556e6f969c3920a9b17ff6",".replit"
"c9b90815102e5bdcb683d85f3be16bb93a31f47c","attached_assets"
"a0311381adc3518572de4b1a45bf345123e66da3","attached_assets"
"b8d7f1f7d2d32f1818e494c31dc8bb6be48c4556","attached_assets"
"c5d3d54bf5319554cb79975b443430e3e398921f","attached_assets"
"7ce34a477e8131c221d2d1fa00eaeca0af2133c0","attached_assets"
"d200cb4608f819afcd2ab177d04f7b7b6c55d2f5","attached_assets"
"2acaeadf2d00d1534f21fb9bc82e799babb5657c","attached_assets"
"3f082484e85f4b712778e734c251a2e86e96d699","attached_assets"
"6761b0879af95ffc28bbbd690c8dc4c72360ed42","attached_assets"
"b434d95b4549ff3af2d06eb9d80cd3e33eb73554","attached_assets"
"ed2c46534486c047115ef434344d281ff63472b4","attached_assets"
"a383a66f50bbaeb8c5fa19975ed82d6698f0e292","attached_assets"
"44a95eabc7fbc14ddf78adce73b4e49e8407c2ea","attached_assets"
"922f1d2c37bcccd76b0b484ee71a6dd2b7e101cb","attached_assets"
"6f9c6ffc0b2df98e0f0387bcdb666f30c3155608","attached_assets"
"c423890b85bde545043411ec89a2a5bf8a1f39d3","attached_assets"
"395f80fadbd918a331144adc8f1b4063aa29d3f2","attached_assets"
"1951df6c4fe661caf48938debd6f324df32efaaf","attached_assets"
"2fc3f690c4896a337957e0c6cff811383fe487ac","attached_assets/image_1759004259430.png"
"1f8d08ab88a61a6e736f26657546d04dadf4e0ae","attached_assets/image_1759004317458.png"
"b06affe88d955c015e8e42efad208aac91acefce","attached_assets/image_1759005640453.png"
"5a2a9e35b73998ef33f19e14620beab401a4b558","attached_assets/image_1759008123107.png"
"27ab13f6850306ad532cad244d6f67c4e85fdb9a","attached_assets/image_1759015565825.png"
"96b909a292b494c3aab8ef029d89d786d0c8c65d","attached_assets/Pasted-Auth-settings-These-settings-determine-how-your-app-connects-to-HubSpot-and-what-data-it-has-permis-1759015793363_1759015793363.txt"
"f6bf3340bc19c7199796d99bbd3321f819dfc375","attached_assets/Pasted-Fix-Implement-a-secure-token-storage-system-Use-encrypted-secrets-manager-e-g-HashiCorp-Va-1759013537452_1759013537453.txt"
"ab681711601d0ebd36a174e7f89080a08441d60f","attached_assets/Pasted-FIX-PLAN-Auto-Token-Refresh-for-Google-HubSpot-1-Google-OAuth-Token-Refresh-Server-Side--1759012644348_1759012644349.txt"
"ddaddc1cd45e9f5f8bd157446c79e8c994d21ae7","attached_assets/Pasted-GENERAL-TROUBLESHOOTING-PRINCIPLES-Verify-API-Endpoints-Several-errors-indicate-Cannot-POST-to-spe-1759011703642_1759011703642.txt"
"3f3abb7ed397affd87a6e43a9d279aa254443071","attached_assets/Pasted-Goal-Perform-a-full-production-readiness-validation-covering-architecture-integrations-code-secur-1759014340147_1759014340147.txt"
"d751542af03cca710236e7914041c64451c3f539","attached_assets/Pasted-In-context-components-schemas-GoogleDocument-properties-body-properties-content--1759008474755_1759008474755.txt"
"5665d53f4720e53c069c975968c18c7559a2b2ef","attached_assets/Pasted-Integration-Audit-Report-for-Jarvis-Systems-Requested-by-user-Date-2025-09-27-Google-Docs-Cr-1759011205125_1759011205126.txt"
"1e1c7799086536d940975b660f9a3d9365ebebee","attached_assets/Pasted-now-that-your-HubSpot-tokens-are-securely-stored-and-working-let-s-move-on-to-doing-the-same-proces-1759003912343_1759003912343.txt"
"c40b2563de54612011fe43c14bca489f654fc2d0","attached_assets/Pasted-Purpose-Validate-all-backend-API-routes-authentication-tokens-scopes-and-service-response-format-1759012090003_1759012090004.txt"
"1bef58e23c67c966603b4d89e63ebe43926ecb13","attached_assets/Pasted-This-is-an-update-to-the-original-MCP-server-instructions-Do-not-ignore-previous-work-ins-1758996432875_1758996432876.txt"
"87d72bdd0ae637d7f720ee5375914a88b59b7380","AUDIT_CORRECTIONS.md"
"72de5a4fbe68832ff343a01c40d17967dd838d97","client"
"f15fa88e11033cb2d1ef3a6acf913f3077645e5c","client/index.html"
"be590dd35d9a1b17bf38a002a43fb5f460ed2e55","client/src"
"b4c5b9ef73c69a3569ec24643fbd9c26b0548feb","client/src/App.tsx"
"cea3a5028fb3dc559524256476aa12c70aee8294","client/src/components"
"ecd1d9a5dec4873e1d5cad3604d84d12d1509976","client/src/components/ui"
"e6a723d06574ee5cec8b00759b98f3fbe1ac7cc9","client/src/components/ui/accordion.tsx"
"41fa7e0561a3fdb5f986c1213a35e563de740e96","client/src/components/ui/alert.tsx"
"8722561cf6bda62d62f9a0c67730aefda971873a","client/src/components/ui/alert-dialog.tsx"
"c4abbf37f217c715a0eaade7f45ac78600df419f","client/src/components/ui/aspect-ratio.tsx"
"fc7f9646500e3ffb24ed9de4b290421ef630f57c","client/src/components/ui/avatar.tsx"
"b59d7adb5423941f5004d812a2780d78a4822305","client/src/components/ui/badge.tsx"
"60e6c96f72f0350d08b47e4730cab8f3975dc853","client/src/components/ui/breadcrumb.tsx"
"409cfbfa02148aab0147bcc13b838b749e4cc45a","client/src/components/ui/button.tsx"
"2174f7101ba18ec1385eed03f69dbd619feb98aa","client/src/components/ui/calendar.tsx"
"c65c4c6a2afbda6afb947a7e8e21696360adfb3d","client/src/components/ui/card.tsx"
"9c2b9bf3705d8421bef00704c0c52e83d371ca11","client/src/components/ui/carousel.tsx"
"39fba6d6fc8509b968824b5076a8791c46650294","client/src/components/ui/chart.tsx"
"ddbdd01d8d1491ab772790db8d40c5ac0a2630f3","client/src/components/ui/checkbox.tsx"
"9fa48946afd1eb56bd932377fd888e3986304676","client/src/components/ui/collapsible.tsx"
"f0e4e3fb6407b9184a7e1087fb5bebe96a980bdf","client/src/components/ui/command.tsx"
"aa3ef7792b866380aa91038beff862aa39ebe5c5","client/src/components/ui/context-menu.tsx"
"f38593bdcc2e700cd5a24d0b96640ca9ad474476","client/src/components/ui/dialog.tsx"
"6a0ef53dde8991d3adeadd791cd262808aaf9ac0","client/src/components/ui/drawer.tsx"
"fc790a80308832379e59b63381cfd5054364f5dc","client/src/components/ui/dropdown-menu.tsx"
"4f02ae6a48799a297ae92a9bcfa1f8de4d879be1","client/src/components/ui/form.tsx"
"74efa6bee7037d46ea6f1a08a89b68963660cca0","client/src/components/ui/hover-card.tsx"
"4051300dcd8da5c163f65cac04f7a8a628f16e30","client/src/components/ui/input.tsx"
"ebf5c281ee7fbbf86462b33b7b9955d884d57580","client/src/components/ui/input-otp.tsx"
"683faa793819982d64e21cb2939666fd6d4a7b13","client/src/components/ui/label.tsx"
"7b3a71b182d16a2655aaf048797b39a5c27f931a","client/src/components/ui/menubar.tsx"
"411f51922144bf667c2a5d512ff712d1c37098bd","client/src/components/ui/navigation-menu.tsx"
"ea40d196dc72673f36c4084bf56457385edc855e","client/src/components/ui/pagination.tsx"
"821a32f3701193ec91f9cf2e22e34c6807c09d14","client/src/components/ui/popover.tsx"
"5c87ea4865610374cdc591d1619157b4d8909a87","client/src/components/ui/progress.tsx"
"43b43b48b84d3045a442409006d5cb8c5f35adfd","client/src/components/ui/radio-group.tsx"
"f4bc5586b67f45d3cc35f228e8bac2e4bc2cea16","client/src/components/ui/resizable.tsx"
"cf253cf17056ce04827219643e484ea99c77cf6b","client/src/components/ui/scroll-area.tsx"
"0ecb100c2adcf634b77982a84dc9efa4260b2155","client/src/components/ui/select.tsx"
"6d7f12265ba0338704f013930ce4d52c56527dd1","client/src/components/ui/separator.tsx"
"a37f17ba04055c1c174bd439d58aa3b5b2857cc9","client/src/components/ui/sheet.tsx"
"41362f6f40769bd800e4b1e77dfcc0ca61300636","client/src/components/ui/sidebar.tsx"
"01b8b6d4f716ff7c26065bc9e46aebd932729fc1","client/src/components/ui/skeleton.tsx"
"e161daec03130190dcfb597c8632f9df4ba407f5","client/src/components/ui/slider.tsx"
"aa58baa29c676db7b14a37436a9662107b0111ec","client/src/components/ui/switch.tsx"
"7f3502f8b2820be1d6f0aa4c1ffaa351799c1ed3","client/src/components/ui/table.tsx"
"f57fffdb5a07cd21b12f8c014513475a6980a469","client/src/components/ui/tabs.tsx"
"4d858bb6b02662c749d3cb334129a9a1977b0c51","client/src/components/ui/textarea.tsx"
"a822477534192c4df5073e4015f7461e739d3344","client/src/components/ui/toast.tsx"
"6c67edff67a48c6ac1c46f25a6d468dd461e66cb","client/src/components/ui/toaster.tsx"
"0da5cb8b74d1b02569a8bf0eaf36d135c97315d5","client/src/components/ui/toggle.tsx"
"1c876bbeecabe59b684719afe58e684f34cdecbf","client/src/components/ui/toggle-group.tsx"
"e1ae87b9db8d9a636b8185da4ca6868c3b024d63","client/src/components/ui/tooltip.tsx"
"68e9d41c43aae32ee5314e0006e01345589570f4","client/src/hooks"
"2b0fe1dfef3b17850bbac040665f514a8ffd0f15","client/src/hooks/use-mobile.tsx"
"2c14125ac48b874740770da80d9e424daf1db58b","client/src/hooks/use-toast.ts"
"2bae1ebb38e4d2aad5a032ac0bb0298e0520c5e9","client/src/index.css"
"8213d23abff0b87993bcac640b6c5b9a1fd63b3a","client/src/lib"
"f315a142495772235f6e5324668ce3bc34ef1871","client/src/lib/queryClient.ts"
"bd0c391ddd1088e9067844c48835bf4abcd61783","client/src/lib/utils.ts"
"696e0d2b94fbc09e5bf2378678cfe86625c2f15c","client/src/main.tsx"
"1a22f8834477ce98ad7b9da9162ada864f28f11d","client/src/pages"
"dba9f8316f8e796e2808090c4f6cf770e6b90c4a","client/src/pages/not-found.tsx"
"4d7d89f0d7e9146e1e11cc799ce465e21f2e5c4a","components.json"
"23af9469e02e86976474b56d64b38d60045f8465","design_guidelines.md"
"4cd7b4cb3770a444d70ce72acabcb58e4e3ab18a","drizzle.config.ts"
"79de9c7b7b722b484ffeeefd158f3be8345ec863","openapi.yaml"
"91e16f507d4bd61b2988539218d762f28b2aad1c","openapi.yaml"
"6c1e9eba984eea4e28bf52b703579caf71bdce41","openapi.yaml"
"59b3b735c78ea89e012e67815b4cba7beb24923b","openapi.yaml"
"22d500d92c38e8d33842ae1e41f4296e2549e044","openapi.yaml"
"7a743285e56aa6c800c744a634b7e992ca69e225","openapi.yaml"
"627a4a3934e1744e522d4671b0a478b6851b8d44","openapi.yaml"
"3d5339995acf840516ab48253cfda38051094940","openapi.yaml"
"27253d23b9caab73e9e0042309288406ab271332","package.json"
"413dca7f41e43da0546b430f129d5ebeb89073de","package.json"
"bf30a06281518ab24091214dca5f56ce7d815215","package-lock.json"
"06bff0199a99610f2bd36d02a74963607dc1a3b7","package-lock.json"
"2e7af2b7f1a6f391da1631d93968a9d487ba977d","postcss.config.js"
"7ae429e935f06b65cd6c9b3c322dcfc5877d37d2","PRODUCTION_AUDIT_REPORT.md"
"9f31f838cb93f9e9bb2efc1220436812aaf9a583","PRODUCTION_AUDIT_REPORT.md"
"0ec3c464392f1d9139b75893d978f3c28ce4b46a","PRODUCTION_AUDIT_REPORT.md"
"c3879a6c453634ea7d424b81aa15b133b9e22d91","PRODUCTION_AUDIT_REPORT.md"
"9b7f1fd53fa9a2ec13892edacb864efe513a3725","PRODUCTION_AUDIT_REPORT.md"
"0b1000647bb38eb9f73d08bf2e9e2d6ec083f8f1","project.zip"
"fa9c6143c0d656f26f2f26052eac3eb23663bb4f","public"
"554e22c764b45af6509fb69ead84a43d4bc47324","public"
"084608429e5538b2973f12d7687c052c8543758e","public/openapi.yaml"
"51e076692fe47f42043c226202ca00a8d8c2efff","public/openapi.yaml"
"02ec53f72e330f49a70d69a10dbe3d7557762ee0","README.md"
"d630ad154baa77565eb8d4cfe4e3669ce5f1ba15","README.md"
"0ab21f11b8ff39892eb1d684358e51d32e18a8f9","README.md"
"92bd98d2d8cc25d5134a7e8b6af9553514e778e2","README.md"
"8ad4b62dc1ef173a22d07ada8cc495525994768d","README.md"
"7bd7d7f58140400ee5201a32101b0711d5a5cd8d","README.md"
"49709fb33953a3da9f4783f61bcff3a94f9a8bb0","README.md"
"f03495bb74b78dc758283ad148db52d8bc292491","replit.md"
"fb8d7cb2123b095ccba2932b03b5dec396ad0afa","replit.md"
"ab18653704842e1d4db28d94f3a85f110ccd2132","replit.md"
"b37edcc3011a23fffb3ba580383d1362ce2f5d0b","server"
"8b7933db4c30e9721e3050c301c6d8a3815a085d","server"
"35a2f1d10ff44524df72e5f7d001c5c430fd746b","server"
"98181c9855955a034effced438efef3b52d8a1df","server"
"315bca91419c8862e8f72c6b8e101730538374f7","server"
"4074a295e8bd6831c5c9b45f1305110e9130faa6","server"
"6de4014cdd6adb4cc00fc1e88b52b7e2b02a1d4e","server"
"f3492a37e2fd25e19b416771614c860e8004c74b","server"
"aa91eb7caed56c6c96d2f5c8fea1427220957c71","server"
"ce21e5627210158556ffcb86f00c5cb21da47b89","server"
"6a7f89f6857252120781b32758eef0502c11a216","server"
"136ca2d0a8b4193b7c287a9687ef15cff3ae28a8","server"
"3659e9437f7f87d3c545884eafa8ea3be7a406fa","server"
"8a34ecc8ea6286a8b1a15b8eece1e24618d0a0c7","server"
"3bfc74cdfae38e5eac57b30f3e40b5b0a65a69f8","server"
"20c4af7781bfce057273ae6d1b0250dff841ba7a","server"
"4dc7b3ae5171089911408c90513f571279360f52","server"
"22ceecd47b9ebd8e4b74ecbd936c6da644e9d94b","server"
"55c9669eb204f42df8e1f9496400854a8bf0e393","server"
"52522be1610a15120c8436367825cd9844338840","server"
"279723e514806f5a451deb02ea7107aacd68bedf","server"
"31d655ce9cdd39c1704df9e6240dfbe7f5b7fe1c","server"
"585c73a64ddcfed2b09d38e59b5fad2983de8ec2","server"
"9ea6196923e94aed18c417450e8c2e883b50f689","server"
"f0aba8db5c1de17330b5608442018f32f7958652","server"
"6de97fec45734d422e9125177e20ff86c99af5f6","server"
"66779a9df5ca80d71c6ec86f250e99ee87fc6f1d","server/db.ts"
"4efb6320453628b24a0f170a1802a74527e815f4","server/index.ts"
"56d453e88081f4d4c85aaf9a62a93ebd594c24a9","server/index.ts"
"1a5a34e1f0ec9513742ee30fb196a4338577331e","server/index.ts"
"0ad6853a170a342c8a47bc0a414ccc0466c34b5a","server/index.ts"
"bf30f394f32a262669c2403b4dcdd31d443585f1","server/index.ts"
"30e4ba941bb45be053846e9c06c98dd9108ac111","server/index.ts"
"b47a53f8fbb7a6be4a03b74fc709d27d21d69810","server/index.ts"
"a3ff0b0d777539b87b096ab604260e72a2c5d2d1","server/middleware"
"939311a41abbe9feae2e256b5f69ac8aed8118df","server/middleware"
"53ff4af08cc24cf67cb85ab2abaffa1fb2041d6b","server/middleware/auth.ts"
"d31d34d1110a02e60b4c7cb216eb249939bf0bd3","server/middleware/auth.ts"
"e70d28e31197a2c49d6adf0c229a9897550575cb","server/routes.ts"
"cee52d125d7686f2f0687ff3d1dc6812d2f40682","server/routes.ts"
"8eafe0cefec9e77118a79d1a2ec95df065fb04db","server/routes.ts"
"f025a126260dee13c6a3af353c83050e96ed76db","server/routes.ts"
"92c3073872b5e36a7eb781a2db17dd2b657d007d","server/routes.ts"
"785941446d87a48e66f2b1cc466b5fd79c0dc476","server/routes.ts"
"6dfbb86dc1f28c34248cb66f1a1ff6d1171a7b48","server/routes.ts"
"d3449cbef8b538b582f7ae0a7746b3ab1be6e8ca","server/routes.ts"
"26290e983fc083cc7b10fb40aad949567ad9ff6b","server/routes.ts"
"b826e5283862ce8b75809fc38dab1bcb2717eca2","server/routes.ts"
"57cdf25738ae4388c004fac4d49734b422ffdcf7","server/routes.ts"
"ea68d86f3d7af0a49558deb021a6acc8c5c42ee0","server/secure-storage.ts"
"78ea876f6a83244b43b691fa06b844429047770a","server/services"
"3ab7a109cbb108d6d2dfd9692e3024e6ff012d39","server/services"
"1991e4db449a5ce5bb461f6254853cd9b6c00458","server/services"
"1833bd4256895a8b225c4f8918c25a0e01b48730","server/services"
"7e20df8abea01583b5d31cfe3ee557e89ac887b9","server/services"
"a2cb60ec5f0271bf927b753a9d4d2e2454dda92b","server/services"
"a30d83b2bc6e1d6574ecd9d301dcd56141879bb9","server/services"
"11eee556ceefff0aea342d2e4f07ba80e41368d0","server/services"
"9e15fcae5438838d6ec06a17cb2bc68244909949","server/services"
"23f2076b81aa2a708218699cf40f85271fe5f8f9","server/services"
"c42d221183da6ade01541e779366ac6128cab9fa","server/services"
"e190fc282536cf41f36bbffe9e57dc06f1a93737","server/services"
"c3946adb7e719c58ee473ff3cf73564e7d119577","server/services"
"6e4c4de4e7a555f237015a6b226b29ff9f7bfd0d","server/services"
"72a4c1e95a8d8b3aabe0924bea491d42c76a93d0","server/services"
"f601901a59bd5643ea4cf086d3ccaf5ac4d23957","server/services/google.ts"
"f9925ad53840b4de8a3efa488ffa9c6a13fc0dfe","server/services/google.ts"
"4d1d3629ffa44a61170c52a9bb18a8a0ff1d5037","server/services/google.ts"
"9aeab3ddb65b69ec8a6f83954ac2a9a379de3278","server/services/google.ts"
"f4b59e881d4300234c4eb4552dc4b0a9adf4f280","server/services/google.ts"
"bd79fc343057f66b48b96ce2b86074016cc7b900","server/services/google.ts"
"2bd773a3f5f2ead75a1ffb2d18d39dec3bdce7a8","server/services/google.ts"
"bd9b0c3f28b87e8ed8de120cf09f0fd56dd75679","server/services/hubspot.ts"
"af16777fd208a004b86983145aea4a3584ae6ed5","server/services/hubspot.ts"
"e822ace230e1a60253b42d6ad6fe13b74db0c746","server/services/hubspot.ts"
"d1ec4d9d7ea7a7d6404f08fb1c5d2b78a89a3a8c","server/services/hubspot.ts"
"00ff1a160cf29b3470ffead8a5b6933900002ef8","server/services/hubspot.ts"
"0d10ec4d7baef2aab1d5f385f08d870e1a4a4a32","server/services/hubspot.ts"
"f67a7b53d89a9adc2ca4edf21de4d797c167baf6","server/services/hubspot.ts"
"2494d8abf398f7b50a9c039d8a8942af42c1c516","server/services/hubspot.ts"
"2bd9167d5aafcf7ab16803179c6b0e1ee09e5af9","server/services/hubspot.ts"
"534710b5c16ed2a347682b7027c2657178420aa6","server/services/hubspot.ts"
"8ce171f923fb99fc8c7bf4890c1332225de55d2e","server/services/hubspot.ts"
"66fbdc19e17c5ed60a9ba7e8d2719e5ab4cd1218","server/services/hubspot.ts"
"e84fba0e35075d79cf557e513cf4fc1d4d613c10","server/storage.ts"
"ee9a170f74e7c7af9d0ffe4147f19f1044eb1def","server/utils"
"844bee859733067a6e118cebfd635ebf4e1dda9d","server/utils/logger.ts"
"9338c14f4a52d12d87a6b4f57fbd6ef479bf8c94","server/vite.ts"
"36cb431bbdff8fab2ac5fc5c8e22ee57fead865b","shared"
"12aaec6a89b6461a28d90ccf54dd84cfb99cd4a4","shared"
"e2e80df39e06d2e535c64a3ed0048fef40ec0357","shared"
"99fc8c3bfbfa2f4407e92bda0566ae71d2a427e9","shared"
"37bd0b4dc33ae8467f724352b095806125232b9a","shared/schema.ts"
"bf00ad31b76d082b66c107027563a02cb406bf6d","shared/schema.ts"
"4b833d0a66168fa9bc82984026e9794c6a382716","shared/schema.ts"
"79567b9336cb3089fdcbb4fcabf38efe9be916ee","shared/schema.ts"
"6814410e7f42110acb3985ee3b5d0915c8f91469","tailwind.config.ts"
"a0203eefcb88d0dcf5e5ff0e2f90150a1b46ee05","tsconfig.json"
"d86c4b88954f368e558cb66cf05eae291cd6a07f","vite.config.ts"
"96e9c6e83a03f84ca2e3e1020bb608ad3a253fea","ziaXpOhB"
"b698846e5851822549f0f27491f6f6bf03d03dff","ziPtCXbU"
"1ae3b341c175832fa5a40bb290c7da2c8f5b9e3d","ziPtCXbU"
